SamplePoses/Homemade_poses/IMG_20180625_094248983.jpg,M03102,M05167,M04216,M06086
SamplePoses/Homemade_poses/IMG_20180625_094159375.jpg,M03241,M05268,M04118,M06091
SamplePoses/Homemade_poses/IMG_20180625_094045403.jpg,M03163,M05280,M04263,M06167
SamplePoses/Homemade_poses/IMG_20180625_094153299.jpg,M03173,M05282,M04253,M06190
SamplePoses/Homemade_poses/IMG_20180625_094144214_TOP.jpg,M03188,M05182,M04180,M06171
SamplePoses/Homemade_poses/IMG_20180625_094051953.jpg,M03096,M05195,M04169,M06167
SamplePoses/Homemade_poses/IMG_20180625_094139796.jpg,M03102,M05167,M04257,M06192
SamplePoses/Homemade_poses/IMG_20180625_094041949.jpg,M03180,M05190,M04180,M06171
SamplePoses/Homemade_poses/IMG_20180625_094230304.jpg,M03104,M05165,M04270,M06180
SamplePoses/Homemade_poses/IMG_20180625_094251659.jpg,M03098,M05180,M04217,M06105
SamplePoses/Homemade_poses/IMG_20180625_094050072.jpg,M03107,M05169,M04170,M06094
SamplePoses/Homemade_poses/IMG_20180625_094144214.jpg,M03190,M05180,M04180,M06169
SamplePoses/Homemade_poses/IMG_20180625_094237308.jpg,M03171,M05270,M04246,M06194
SamplePoses/Homemade_poses/IMG_20180625_094233082.jpg,M03180,M05200,M04180,M06169
SamplePoses/Homemade_poses/IMG_20180625_094207859.jpg,M03118,M05159,M04187,M06077
SamplePoses/Homemade_poses/IMG_20180625_094047547.jpg,M03173,M05216,M04263,M06165
SamplePoses/Homemade_poses/IMG_20180625_094244976.jpg,M03160,M05246,M04246,M06194
SamplePoses/Homemade_poses/IMG_20180625_094039506.jpg,M03096,M05192,M04276,M06167
